"Symbol","Series","Date","Prev Close","Open Price","High Price","Low Price","Last Price","Close Price","Average Price","Total Traded Quantity","Turnover","No. of Trades","Deliverable Qty","% Dly Qt to Traded Qty"
"INFY","EQ","01-Jan-2021","       1255.80","       1257.90","       1265.50","       1255.80","       1259.50","       1260.45","       1261.66","    4253550","          5366530407.75","      97445","    1089987","         25.63"
"INFY","EQ","04-Jan-2021","       1260.45","       1269.00","       1290.00","       1261.15","       1288.00","       1288.25","       1278.28","    7208454","          9214400329.00","     189946","    3343139","         46.38"
"INFY","EQ","05-Jan-2021","       1288.25","       1282.00","       1299.00","       1275.05","       1290.35","       1293.80","       1289.82","    8145280","         10505964474.35","     168537","    3346702","         41.09"
"INFY","EQ","06-Jan-2021","       1293.80","       1300.00","       1302.00","       1268.05","       1282.50","       1282.10","       1288.38","    7161715","          9226975582.30","     178942","    2780840","         38.83"
"INFY","EQ","07-Jan-2021","       1282.10","       1296.00","       1297.65","       1255.50","       1266.50","       1262.15","       1266.59","   10954918","         13875416120.90","     236192","    5389517","         49.20"
"INFY","EQ","08-Jan-2021","       1262.15","       1278.25","       1316.80","       1278.25","       1311.50","       1312.10","       1298.10","   13186251","         17117011224.65","     227983","    5653372","         42.87"
"INFY","EQ","11-Jan-2021","       1312.10","       1342.10","       1383.35","       1340.00","       1375.95","       1376.20","       1366.80","   20528626","         28058554925.95","     387124","    6434782","         31.35"
"INFY","EQ","12-Jan-2021","       1376.20","       1378.00","       1378.00","       1360.00","       1376.50","       1371.75","       1369.78","    8309868","         11382710088.05","     264378","    3655022","         43.98"
"INFY","EQ","13-Jan-2021","       1371.75","       1373.85","       1392.80","       1360.00","       1388.65","       1387.15","       1378.96","   14442997","         19916243435.80","     304458","    6490234","         44.94"
"INFY","EQ","14-Jan-2021","       1387.15","       1360.00","       1384.00","       1318.45","       1370.50","       1370.50","       1359.34","   27521697","         37411219055.40","     530803","   10370390","         37.68"
"INFY","EQ","15-Jan-2021","       1370.50","       1360.00","       1364.45","       1340.00","       1343.40","       1344.95","       1352.96","   15018441","         20319423540.10","     278300","    8103557","         53.96"
"INFY","EQ","18-Jan-2021","       1344.95","       1338.00","       1340.00","       1306.00","       1311.00","       1312.05","       1320.52","    8861765","         11702148822.35","     230056","    3963352","         44.72"
"INFY","EQ","19-Jan-2021","       1312.05","       1320.00","       1331.00","       1312.00","       1319.35","       1316.65","       1320.27","    5585744","          7374694216.10","     178275","    2574937","         46.10"
"INFY","EQ","20-Jan-2021","       1316.65","       1320.55","       1348.40","       1320.55","       1338.85","       1339.45","       1338.37","    8225838","         11009221845.75","     195330","    3198588","         38.88"
"INFY","EQ","21-Jan-2021","       1339.45","       1350.00","       1361.05","       1335.00","       1342.00","       1339.70","       1344.32","    6142421","          8257354257.80","     156050","    3033502","         49.39"
"INFY","EQ","22-Jan-2021","       1339.70","       1327.00","       1356.00","       1326.55","       1336.00","       1340.85","       1344.65","    9646591","         12971261022.25","     188343","    5913234","         61.30"
"INFY","EQ","25-Jan-2021","       1340.85","       1345.00","       1347.90","       1313.00","       1335.00","       1325.10","       1337.58","    6542611","          8751273546.85","     159466","    3814914","         58.31"
"INFY","EQ","27-Jan-2021","       1325.10","       1319.60","       1327.55","       1285.10","       1300.50","       1301.00","       1308.99","    8133665","         10646861260.40","     285525","    4665656","         57.36"
"INFY","EQ","28-Jan-2021","       1301.00","       1291.80","       1296.45","       1272.55","       1276.50","       1276.20","       1283.02","    4660690","          5979774972.30","     212130","    2338859","         50.18"
"INFY","EQ","29-Jan-2021","       1276.20","       1286.25","       1291.15","       1231.00","       1250.00","       1239.05","       1253.29","   12183519","         15269437394.85","     268406","    8230671","         67.56"
"INFY","EQ","01-Feb-2021","       1239.05","       1250.55","       1277.95","       1241.00","       1267.10","       1260.90","       1255.60","    8880279","         11150104432.25","     232672","    4479182","         50.44"
"INFY","EQ","02-Feb-2021","       1260.90","       1280.00","       1294.40","       1263.60","       1275.50","       1271.25","       1275.19","    6892490","          8789223156.80","     168360","    3386619","         49.13"
"INFY","EQ","03-Feb-2021","       1271.25","       1277.65","       1304.00","       1273.00","       1285.00","       1284.65","       1289.14","    8182968","         10549003463.65","     204774","    4333962","         52.96"
"INFY","EQ","04-Feb-2021","       1284.65","       1285.00","       1293.40","       1272.05","       1278.50","       1279.35","       1281.04","    5032240","          6446486331.45","     148262","    2611651","         51.90"
"INFY","EQ","05-Feb-2021","       1279.35","       1286.40","       1288.75","       1262.00","       1273.00","       1272.10","       1270.01","    5477481","          6956468417.35","     176339","    2774704","         50.66"
"INFY","EQ","08-Feb-2021","       1272.10","       1285.50","       1310.00","       1275.50","       1310.00","       1303.55","       1292.02","    6921922","          8943252910.40","     198135","    3121995","         45.10"
"INFY","EQ","09-Feb-2021","       1303.55","       1306.90","       1332.00","       1297.85","       1308.10","       1305.55","       1317.89","    7965949","         10498269840.10","     168139","    3091429","         38.81"
"INFY","EQ","10-Feb-2021","       1305.55","       1295.80","       1304.35","       1283.60","       1297.00","       1296.50","       1293.40","    5951207","          7697265667.60","     175936","    2693010","         45.25"
"INFY","EQ","11-Feb-2021","       1296.50","       1289.00","       1296.00","       1283.05","       1292.20","       1292.65","       1289.54","    4673317","          6026438862.70","     128045","    2707694","         57.94"
"INFY","EQ","12-Feb-2021","       1292.65","       1305.00","       1323.75","       1301.55","       1312.00","       1309.80","       1312.31","    5797875","          7608600802.80","     142747","    1168961","         20.16"
"INFY","EQ","15-Feb-2021","       1309.80","       1320.00","       1328.40","       1307.10","       1312.00","       1309.65","       1317.42","    4363513","          5748561879.95","     143342","    2047482","         46.92"
"INFY","EQ","16-Feb-2021","       1309.65","       1314.00","       1319.75","       1286.00","       1294.50","       1290.40","       1298.05","    6896421","          8951918993.70","     285705","    4050319","         58.73"
"INFY","EQ","17-Feb-2021","       1290.40","       1290.40","       1294.50","       1275.00","       1280.50","       1281.30","       1283.76","    4575741","          5874133583.20","     142040","    2084387","         45.55"
"INFY","EQ","18-Feb-2021","       1281.30","       1276.00","       1306.00","       1275.00","       1289.35","       1292.45","       1291.86","    6437551","          8316445821.30","     178755","    3406927","         52.92"
"INFY","EQ","19-Feb-2021","       1292.45","       1296.10","       1299.50","       1276.80","       1293.00","       1291.30","       1288.37","    5389696","          6943924608.55","     129418","    2864493","         53.15"
"INFY","EQ","22-Feb-2021","       1291.30","       1295.00","       1308.55","       1260.00","       1264.15","       1265.20","       1282.74","    7371303","          9455456933.75","     205288","    3748207","         50.85"
"INFY","EQ","23-Feb-2021","       1265.20","       1271.15","       1291.00","       1257.55","       1268.00","       1266.35","       1270.87","    6612942","          8404181985.80","     237023","    3539785","         53.53"
"INFY","EQ","24-Feb-2021","       1266.35","       1260.05","       1276.60","       1252.00","       1272.70","       1274.30","       1265.24","    4537258","          5740727000.55","     125315","    2383948","         52.54"
"INFY","EQ","25-Feb-2021","       1274.30","       1288.45","       1299.75","       1272.00","       1275.00","       1274.55","       1283.44","    8788221","         11279133375.75","     215308","    5860547","         66.69"
"INFY","EQ","26-Feb-2021","       1274.55","       1269.00","       1274.30","       1244.75","       1252.00","       1253.30","       1256.57","   15132388","         19014856542.45","     296665","    9161967","         60.55"
"INFY","EQ","01-Mar-2021","       1253.30","       1263.30","       1284.50","       1259.00","       1271.00","       1267.00","       1271.66","    5756286","          7320037306.65","     133035","    3344135","         58.10"
"INFY","EQ","02-Mar-2021","       1267.00","       1282.25","       1310.00","       1279.20","       1308.60","       1304.50","       1294.56","   10461434","         13542927955.10","     182506","    6551888","         62.63"
"INFY","EQ","03-Mar-2021","       1304.50","       1319.20","       1347.00","       1308.00","       1340.95","       1343.55","       1329.25","    9056399","         12038222652.00","     189231","    4897964","         54.08"
"INFY","EQ","04-Mar-2021","       1343.55","       1335.00","       1363.85","       1325.90","       1334.60","       1330.35","       1343.22","   12041941","         16174961451.80","     225028","    5289423","         43.93"
"INFY","EQ","05-Mar-2021","       1330.35","       1328.50","       1340.00","       1305.05","       1320.05","       1316.70","       1322.67","    6486176","          8579075404.40","     180930","    3131285","         48.28"
"INFY","EQ","08-Mar-2021","       1316.70","       1324.80","       1346.10","       1317.20","       1336.05","       1335.75","       1334.28","    5119392","          6830699261.80","     126809","    2621080","         51.20"
"INFY","EQ","09-Mar-2021","       1335.75","       1329.50","       1350.45","       1318.75","       1344.00","       1345.55","       1334.21","    6518173","          8696584495.75","     144157","    3617807","         55.50"
"INFY","EQ","10-Mar-2021","       1345.55","       1356.90","       1374.00","       1355.00","       1366.50","       1368.15","       1365.17","    7925984","         10820304084.25","     177164","    3965517","         50.03"
"INFY","EQ","12-Mar-2021","       1368.15","       1373.00","       1391.70","       1370.05","       1375.30","       1374.85","       1381.13","    9462061","         13068374479.10","     199285","    6173518","         65.24"
"INFY","EQ","15-Mar-2021","       1374.85","       1370.00","       1379.90","       1358.50","       1371.95","       1373.60","       1369.96","    6658665","          9122082515.75","     174194","    3687770","         55.38"
"INFY","EQ","16-Mar-2021","       1373.60","       1386.05","       1406.00","       1380.50","       1384.60","       1384.00","       1391.20","    9352771","         13011543029.50","     230871","    5151968","         55.08"
"INFY","EQ","17-Mar-2021","       1384.00","       1392.25","       1400.00","       1382.00","       1387.10","       1387.00","       1392.47","    7626744","         10620025456.00","     157640","    3955892","         51.87"
"INFY","EQ","18-Mar-2021","       1387.00","       1393.75","       1393.75","       1313.50","       1341.80","       1337.10","       1347.80","   10961755","         14774234434.95","     298042","    5544994","         50.58"
"INFY","EQ","19-Mar-2021","       1337.10","       1330.00","       1355.20","       1318.00","       1347.15","       1344.45","       1340.27","   12767112","         17111330912.85","     235459","    6608143","         51.76"
"INFY","EQ","22-Mar-2021","       1344.45","       1350.10","       1376.00","       1336.10","       1371.10","       1370.80","       1355.94","    4862758","          6593605265.20","     129112","    2199710","         45.24"
"INFY","EQ","23-Mar-2021","       1370.80","       1372.45","       1383.25","       1359.60","       1369.80","       1371.55","       1372.44","    7165335","          9833991115.85","     164495","    4362930","         60.89"
"INFY","EQ","24-Mar-2021","       1371.55","       1357.85","       1370.45","       1346.25","       1355.00","       1353.75","       1357.63","    6134303","          8328138652.25","     143327","    3197000","         52.12"
"INFY","EQ","25-Mar-2021","       1353.75","       1346.75","       1352.50","       1327.60","       1337.60","       1333.80","       1338.88","    8749994","         11715231220.75","     184200","    5246781","         59.96"
"INFY","EQ","26-Mar-2021","       1333.80","       1344.70","       1356.70","       1332.00","       1338.70","       1336.20","       1340.61","    4922071","          6598564525.25","     138471","    2501215","         50.82"
"INFY","EQ","30-Mar-2021","       1336.20","       1346.90","       1400.00","       1336.15","       1386.50","       1385.30","       1373.99","   10546919","         14491356277.80","     227944","    5618355","         53.27"
"INFY","EQ","31-Mar-2021","       1385.30","       1382.00","       1388.00","       1363.30","       1367.30","       1368.05","       1370.72","    8220987","         11268677504.10","     218153","    4107507","         49.96"
"INFY","EQ","01-Apr-2021","       1368.05","       1380.00","       1391.60","       1371.00","       1386.00","       1385.20","       1382.72","    5675155","          7847148794.55","     146481","    3176842","         55.98"
"INFY","EQ","05-Apr-2021","       1385.20","       1391.00","       1425.00","       1387.00","       1415.00","       1409.90","       1406.84","    9479572","         13336273564.95","     237018","    3462914","         36.53"
"INFY","EQ","06-Apr-2021","       1409.90","       1423.00","       1426.00","       1406.45","       1414.00","       1411.05","       1415.69","    5793571","          8201898839.90","     153955","    2555430","         44.11"
"INFY","EQ","07-Apr-2021","       1411.05","       1410.25","       1434.95","       1406.60","       1430.00","       1430.20","       1422.23","    5879234","          8361600367.55","     135633","    2734437","         46.51"
"INFY","EQ","08-Apr-2021","       1430.20","       1430.00","       1451.70","       1421.00","       1438.15","       1439.85","       1440.96","    5654434","          8147788509.25","     179859","    2480903","         43.88"
"INFY","EQ","09-Apr-2021","       1439.85","       1455.00","       1455.00","       1430.05","       1441.00","       1441.05","       1441.23","    6052712","          8723370111.65","     134860","    2125177","         35.11"
"INFY","EQ","12-Apr-2021","       1441.05","       1474.00","       1477.55","       1415.00","       1431.50","       1425.75","       1438.59","   20384532","         29325012715.25","     477964","    8931478","         43.81"
"INFY","EQ","13-Apr-2021","       1425.75","       1433.00","       1435.25","       1375.00","       1402.85","       1397.15","       1394.92","   14855206","         20721814129.60","     453578","    6428451","         43.27"
"INFY","EQ","15-Apr-2021","       1397.15","       1332.30","       1366.40","       1320.00","       1363.30","       1360.75","       1347.38","   25342491","         34145935655.55","     678751","   10516044","         41.50"
"INFY","EQ","16-Apr-2021","       1360.75","       1365.00","       1370.85","       1346.60","       1348.10","       1353.75","       1358.97","   10879878","         14785392742.35","     285474","    5019567","         46.14"
"INFY","EQ","19-Apr-2021","       1353.75","       1340.00","       1379.70","       1332.35","       1363.00","       1362.55","       1359.57","   12508028","         17005547107.35","     260647","    5617272","         44.91"
"INFY","EQ","20-Apr-2021","       1362.55","       1379.00","       1379.00","       1342.40","       1349.00","       1351.35","       1357.18","    8560766","         11618460456.40","     174560","    4377456","         51.13"
"INFY","EQ","22-Apr-2021","       1351.35","       1355.55","       1364.80","       1345.15","       1352.00","       1351.10","       1352.38","    6622446","          8956080142.05","     203956","    3342474","         50.47"
"INFY","EQ","23-Apr-2021","       1351.10","       1343.00","       1348.40","       1331.00","       1333.90","       1333.80","       1339.49","    7316262","          9800084842.40","     163801","    4123289","         56.36"
"INFY","EQ","26-Apr-2021","       1333.80","       1332.25","       1351.30","       1321.00","       1345.00","       1343.55","       1343.19","    7088606","          9521361287.20","     130375","    4218129","         59.51"
"INFY","EQ","27-Apr-2021","       1343.55","       1346.00","       1353.00","       1340.15","       1347.50","       1348.50","       1346.89","    3636115","          4897445224.05","     145974","    1871084","         51.46"
"INFY","EQ","28-Apr-2021","       1348.50","       1358.00","       1359.50","       1344.60","       1355.80","       1356.00","       1353.45","    4879234","          6603777602.05","     137376","    2857134","         58.56"
"INFY","EQ","29-Apr-2021","       1356.00","       1368.00","       1369.00","       1351.40","       1356.00","       1356.35","       1360.05","    5412357","          7361090047.40","     119277","    3130945","         57.85"
"INFY","EQ","30-Apr-2021","       1356.35","       1346.30","       1373.90","       1345.90","       1348.60","       1354.35","       1361.16","    8354677","         11372027784.65","     131718","    5408113","         64.73"
"INFY","EQ","03-May-2021","       1354.35","       1340.80","       1361.00","       1338.00","       1349.00","       1352.05","       1350.88","    4560337","          6160448676.90","     126788","    2748838","         60.28"
"INFY","EQ","04-May-2021","       1352.05","       1354.00","       1354.95","       1324.10","       1331.00","       1329.40","       1339.98","    4887060","          6548565378.45","     158010","    2857619","         58.47"
"INFY","EQ","05-May-2021","       1329.40","       1341.10","       1343.90","       1327.80","       1343.00","       1341.50","       1337.33","    3939788","          5268794240.45","     113183","    2118097","         53.76"
"INFY","EQ","06-May-2021","       1341.50","       1345.00","       1364.70","       1337.40","       1359.15","       1361.60","       1354.33","    4810090","          6514432065.10","     128184","    2458467","         51.11"
"INFY","EQ","07-May-2021","       1361.60","       1365.30","       1373.05","       1348.50","       1352.70","       1352.55","       1357.23","    4991435","          6774539803.35","     146974","    2716830","         54.43"
"INFY","EQ","10-May-2021","       1352.55","       1349.85","       1352.90","       1335.05","       1339.90","       1339.55","       1341.13","    7195348","          9649893780.00","     160151","    4685834","         65.12"
"INFY","EQ","11-May-2021","       1339.55","       1336.90","       1341.00","       1325.10","       1332.05","       1330.65","       1330.00","    6420988","          8539945151.20","     201614","    4122605","         64.21"
"INFY","EQ","12-May-2021","       1330.65","       1330.00","       1330.00","       1314.50","       1327.60","       1327.00","       1323.46","    5241898","          6937427272.00","     143805","    2933912","         55.97"
"INFY","EQ","14-May-2021","       1327.00","       1326.85","       1326.85","       1311.30","       1320.00","       1316.40","       1316.25","    4824609","          6350387004.95","     180008","    2680794","         55.57"
"INFY","EQ","17-May-2021","       1316.40","       1320.30","       1334.95","       1320.30","       1328.55","       1329.40","       1329.34","    5017129","          6669458544.35","     118670","    2842931","         56.66"
"INFY","EQ","18-May-2021","       1329.40","       1338.00","       1344.60","       1329.50","       1338.75","       1340.00","       1338.06","    5620150","          7520081253.15","     135851","    3553759","         63.23"
"INFY","EQ","19-May-2021","       1340.00","       1342.00","       1357.45","       1333.25","       1334.65","       1337.00","       1344.41","    4435878","          5963617809.65","     135009","    2099266","         47.32"
"INFY","EQ","20-May-2021","       1337.00","       1348.40","       1349.10","       1335.00","       1341.95","       1339.30","       1340.80","    4490092","          6020330291.35","     111007","    2585662","         57.59"
"INFY","EQ","21-May-2021","       1339.30","       1347.50","       1357.50","       1346.35","       1356.00","       1354.50","       1351.75","    4969733","          6717856342.70","     153186","    3292758","         66.26"
"INFY","EQ","24-May-2021","       1354.50","       1356.65","       1363.00","       1345.10","       1349.00","       1348.05","       1352.41","    4225371","          5714441955.70","     108054","    2718187","         64.33"
"INFY","EQ","25-May-2021","       1348.05","       1358.00","       1368.00","       1354.45","       1364.00","       1361.60","       1361.92","    4099340","          5582984590.85","     129513","    2523676","         61.56"
"INFY","EQ","26-May-2021","       1361.60","       1367.90","       1400.00","       1362.05","       1395.00","       1397.25","       1386.91","    6850024","          9500378457.65","     174833","    3555403","         51.90"
"INFY","EQ","27-May-2021","       1397.25","       1404.20","       1416.25","       1391.70","       1408.90","       1402.25","       1404.67","   15365391","         21583297998.60","     250209","    9964000","         64.85"
"INFY","EQ","28-May-2021","       1402.25","       1409.75","       1414.00","       1396.10","       1407.70","       1405.05","       1406.44","    4261312","          5993259437.60","     106771","    2093923","         49.14"
"INFY","EQ","31-May-2021","       1405.05","       1401.50","       1401.50","       1383.00","       1395.00","       1393.75","       1393.13","    4429904","          6171426112.80","     145671","    2372824","         53.56"
"INFY","EQ","01-Jun-2021","       1393.75","       1400.00","       1401.00","       1378.65","       1388.95","       1387.20","       1385.00","    4791325","          6635964926.65","     180376","    2947100","         61.51"
"INFY","EQ","02-Jun-2021","       1387.20","       1380.75","       1391.95","       1365.00","       1381.00","       1378.65","       1374.91","    9272276","         12748517787.25","     186335","    5545823","         59.81"
"INFY","EQ","03-Jun-2021","       1378.65","       1388.10","       1399.00","       1377.05","       1390.80","       1389.65","       1385.81","    5115645","          7089319506.30","     137141","    2412413","         47.16"
"INFY","EQ","04-Jun-2021","       1389.65","       1393.95","       1396.90","       1377.65","       1385.15","       1385.65","       1384.98","    4194328","          5809075426.80","     109532","    2560752","         61.05"
"INFY","EQ","07-Jun-2021","       1385.65","       1391.00","       1392.00","       1377.30","       1390.50","       1389.65","       1384.88","    5154576","          7138486995.40","     127520","    3234781","         62.76"
"INFY","EQ","08-Jun-2021","       1389.65","       1396.00","       1421.75","       1395.55","       1414.00","       1412.95","       1412.47","    7360630","         10396698470.40","     188069","    3748050","         50.92"
"INFY","EQ","09-Jun-2021","       1412.95","       1413.40","       1425.00","       1404.60","       1415.00","       1415.30","       1415.72","    5394317","          7636846520.45","     137139","    3283589","         60.87"
"INFY","EQ","10-Jun-2021","       1415.30","       1424.00","       1429.00","       1419.00","       1424.25","       1424.30","       1423.55","    3496575","          4977561087.00","     121283","    2254314","         64.47"
"INFY","EQ","11-Jun-2021","       1424.30","       1430.10","       1451.60","       1429.45","       1446.05","       1446.90","       1443.02","    6140828","          8861316923.80","     173378","    3646591","         59.38"
"INFY","EQ","14-Jun-2021","       1446.90","       1471.00","       1477.00","       1453.45","       1460.00","       1461.80","       1463.12","    7132294","         10435431661.00","     147667","    3839693","         53.84"
"INFY","EQ","15-Jun-2021","       1461.80","       1464.00","       1476.00","       1463.00","       1474.00","       1473.90","       1469.83","    5403104","          7941636318.20","     141422","    3838503","         71.04"
"INFY","EQ","16-Jun-2021","       1473.90","       1472.70","       1489.45","       1467.50","       1479.20","       1480.60","       1478.45","    7661710","         11327444062.60","     162924","    4968980","         64.85"
"INFY","EQ","17-Jun-2021","       1480.60","       1475.10","       1502.65","       1475.10","       1501.20","       1495.30","       1487.78","    7677951","         11423116458.10","     229654","    5348161","         69.66"
"INFY","EQ","18-Jun-2021","       1495.30","       1509.00","       1515.80","       1487.40","       1510.00","       1503.30","       1501.85","   13533974","         20326029669.85","     240906","    8120093","         60.00"
"INFY","EQ","21-Jun-2021","       1503.30","       1493.00","       1505.80","       1484.20","       1501.25","       1500.30","       1496.92","    5454052","          8164276798.15","     124524","    3573308","         65.52"
"INFY","EQ","22-Jun-2021","       1500.30","       1509.70","       1521.45","       1502.10","       1511.35","       1511.85","       1510.60","    6427862","          9709910031.05","     127430","    4445029","         69.15"
"INFY","EQ","23-Jun-2021","       1511.85","       1525.00","       1525.00","       1498.65","       1503.00","       1503.15","       1508.29","    5529809","          8340557841.65","     118288","    3390584","         61.31"
"INFY","EQ","24-Jun-2021","       1503.15","       1517.00","       1568.75","       1511.20","       1556.10","       1559.20","       1543.60","   10785137","         16647892220.05","     263797","    4248860","         39.40"
"INFY","EQ","25-Jun-2021","       1559.20","       1572.00","       1578.00","       1543.00","       1574.00","       1574.20","       1565.12","    9780240","         15307252499.45","     192643","    5825533","         59.56"
"INFY","EQ","28-Jun-2021","       1574.20","       1572.90","       1580.15","       1560.60","       1569.10","       1571.80","       1570.82","    5019178","          7884237903.00","     136591","    3354874","         66.84"
"INFY","EQ","29-Jun-2021","       1571.80","       1561.00","       1573.65","       1559.20","       1562.00","       1563.05","       1564.66","    5913567","          9252700415.30","     197132","    3844762","         65.02"
"INFY","EQ","30-Jun-2021","       1563.05","       1572.05","       1591.00","       1572.05","       1580.00","       1580.80","       1582.44","    6058722","          9587562981.95","     167938","    3226132","         53.25"
"INFY","EQ","01-Jul-2021","       1580.80","       1576.85","       1576.85","       1559.05","       1561.95","       1560.40","       1565.56","    4814317","          7537112360.90","     150925","    2996603","         62.24"
"INFY","EQ","02-Jul-2021","       1560.40","       1558.95","       1569.45","       1542.60","       1566.20","       1567.80","       1555.25","    5166064","          8034520019.85","     136155","    2950675","         57.12"
"INFY","EQ","05-Jul-2021","       1567.80","       1569.15","       1585.00","       1561.05","       1583.65","       1578.95","       1572.73","    4058338","          6382678903.05","     123094","    2344829","         57.78"
"INFY","EQ","06-Jul-2021","       1578.95","       1573.70","       1586.75","       1557.10","       1561.00","       1562.20","       1575.11","    4089574","          6441517704.60","     120142","    2272435","         55.57"
"INFY","EQ","07-Jul-2021","       1562.20","       1566.05","       1570.55","       1544.65","       1562.50","       1564.60","       1560.32","    4797120","          7485054451.90","     143812","    2626080","         54.74"
"INFY","EQ","08-Jul-2021","       1564.60","       1568.00","       1576.00","       1549.00","       1560.40","       1560.75","       1559.79","    3326813","          5189118227.50","     158022","    1738221","         52.25"
"INFY","EQ","09-Jul-2021","       1560.75","       1556.00","       1569.90","       1551.00","       1564.90","       1562.90","       1562.12","    3436594","          5368362102.90","     125788","    1653066","         48.10"
"INFY","EQ","12-Jul-2021","       1562.90","       1570.55","       1578.00","       1533.75","       1547.00","       1547.85","       1558.59","    4588982","          7152341636.50","     145234","    2493504","         54.34"
"INFY","EQ","13-Jul-2021","       1547.85","       1556.40","       1556.40","       1536.30","       1545.50","       1544.95","       1542.74","    4456160","          6874707703.35","     177123","    2947213","         66.14"
"INFY","EQ","14-Jul-2021","       1544.95","       1554.00","       1582.80","       1538.10","       1577.40","       1576.90","       1565.34","    5657716","          8856261426.95","     169742","    2104867","         37.20"
"INFY","EQ","15-Jul-2021","       1576.90","       1557.90","       1596.85","       1556.00","       1579.85","       1580.80","       1581.74","   10021355","         15851201207.15","     248472","    3894143","         38.86"
"INFY","EQ","16-Jul-2021","       1580.80","       1573.75","       1574.65","       1549.60","       1556.75","       1555.45","       1560.17","    6265593","          9775371403.80","     191620","    3985874","         63.62"
"INFY","EQ","19-Jul-2021","       1555.45","       1544.70","       1552.90","       1537.55","       1544.55","       1541.70","       1542.32","    5669162","          8743641778.75","     192818","    4249320","         74.95"
"INFY","EQ","20-Jul-2021","       1541.70","       1538.30","       1557.70","       1538.00","       1547.00","       1550.05","       1547.47","    5069939","          7845558519.00","     138422","    3498740","         69.01"
"INFY","EQ","22-Jul-2021","       1550.05","       1561.40","       1592.85","       1561.40","       1588.95","       1590.20","       1580.70","    7854575","         12415707697.05","     233651","    5679233","         72.30"
"INFY","EQ","23-Jul-2021","       1590.20","       1588.55","       1598.50","       1585.05","       1589.00","       1590.45","       1591.84","    4179719","          6653435201.45","     144421","    2547957","         60.96"
"INFY","EQ","26-Jul-2021","       1590.45","       1594.10","       1611.65","       1594.10","       1603.05","       1603.90","       1606.06","    4586710","          7366526110.60","     128901","    2899200","         63.21"
"INFY","EQ","27-Jul-2021","       1603.90","       1605.00","       1609.30","       1597.90","       1600.10","       1602.55","       1603.05","    5892859","          9446568393.85","     108822","    4605215","         78.15"
"INFY","EQ","28-Jul-2021","       1602.55","       1605.10","       1607.60","       1585.50","       1607.00","       1605.60","       1597.48","    4686788","          7487050950.55","     110822","    3231462","         68.95"
"INFY","EQ","29-Jul-2021","       1605.60","       1600.10","       1620.00","       1600.10","       1615.50","       1617.00","       1614.80","    4660873","          7526375521.85","     144550","    2926321","         62.78"
"INFY","EQ","30-Jul-2021","       1617.00","       1610.00","       1623.40","       1606.15","       1611.75","       1610.50","       1613.35","    6234257","         10058016360.45","     136907","    4485149","         71.94"
"INFY","EQ","02-Aug-2021","       1610.50","       1627.45","       1634.75","       1619.20","       1632.00","       1631.55","       1627.56","    5553389","          9038450771.15","     123236","    4318503","         77.76"
"INFY","EQ","03-Aug-2021","       1631.55","       1647.00","       1658.65","       1635.60","       1657.00","       1655.20","       1645.86","    5513668","          9074703956.65","     140415","    3887460","         70.51"
"INFY","EQ","04-Aug-2021","       1655.20","       1669.10","       1679.90","       1639.05","       1648.55","       1649.25","       1653.26","    6740391","         11143605330.60","     152430","    4752601","         70.51"
"INFY","EQ","05-Aug-2021","       1649.25","       1649.50","       1666.00","       1647.05","       1652.00","       1653.55","       1655.81","    5420536","          8975400927.00","     124049","    3761486","         69.39"
"INFY","EQ","06-Aug-2021","       1653.55","       1657.00","       1660.65","       1644.00","       1652.10","       1650.20","       1652.90","    3754855","          6206401477.15","     100454","    2558438","         68.14"
"INFY","EQ","09-Aug-2021","       1650.20","       1661.00","       1667.45","       1646.40","       1664.40","       1663.30","       1656.74","    5018477","          8314309677.50","     113096","    3673439","         73.20"
"INFY","EQ","10-Aug-2021","       1663.30","       1668.00","       1680.00","       1661.05","       1674.15","       1677.25","       1674.29","    6846517","         11463058438.00","     135096","    5175394","         75.59"
"INFY","EQ","11-Aug-2021","       1677.25","       1674.80","       1684.00","       1668.00","       1675.10","       1677.55","       1676.00","    4899639","          8211808501.95","     149326","    3586596","         73.20"
"INFY","EQ","12-Aug-2021","       1677.55","       1679.15","       1696.50","       1674.00","       1684.95","       1689.60","       1687.65","    5659579","          9551399367.55","     152218","    4217591","         74.52"
"INFY","EQ","13-Aug-2021","       1689.60","       1697.00","       1722.50","       1691.30","       1713.95","       1712.20","       1707.76","    5612790","          9585318721.70","     144604","    3335284","         59.42"
"INFY","EQ","16-Aug-2021","       1712.20","       1707.70","       1719.95","       1690.10","       1702.95","       1704.40","       1703.86","    4564109","          7776599067.95","     181480","    3300912","         72.32"
"INFY","EQ","17-Aug-2021","       1704.40","       1703.90","       1748.90","       1686.55","       1737.40","       1741.65","       1730.04","    9510390","         16453341374.00","     263393","    6316007","         66.41"
"INFY","EQ","18-Aug-2021","       1741.65","       1729.00","       1755.50","       1727.00","       1732.00","       1733.45","       1739.38","    6686090","         11629623310.35","     193759","    4490519","         67.16"
"INFY","EQ","20-Aug-2021","       1733.45","       1716.10","       1745.00","       1716.10","       1729.50","       1732.95","       1734.19","    6206972","         10764080448.55","     188065","    3883003","         62.56"
"INFY","EQ","23-Aug-2021","       1732.95","       1735.75","       1753.15","       1732.00","       1739.60","       1738.75","       1741.65","    6189051","         10779186291.55","     170252","    3872899","         62.58"
"INFY","EQ","24-Aug-2021","       1738.75","       1750.00","       1757.00","       1712.70","       1721.50","       1720.85","       1729.85","    7602939","         13151981489.80","     242564","    5474553","         72.01"
"INFY","EQ","25-Aug-2021","       1720.85","       1718.00","       1746.90","       1718.00","       1737.65","       1735.55","       1732.13","    6153253","         10658228275.25","     140494","    4174523","         67.84"
"INFY","EQ","26-Aug-2021","       1735.55","       1734.00","       1746.00","       1720.00","       1723.40","       1727.70","       1734.31","    5302248","          9195716831.35","     114055","    3452873","         65.12"
"INFY","EQ","27-Aug-2021","       1727.70","       1725.00","       1727.70","       1705.20","       1707.50","       1708.80","       1713.26","    6698514","         11476309163.95","     179152","    4706891","         70.27"
"INFY","EQ","30-Aug-2021","       1708.80","       1703.05","       1718.65","       1690.40","       1699.85","       1698.05","       1700.86","    6559667","         11157103925.10","     295734","    4621506","         70.45"
"INFY","EQ","31-Aug-2021","       1698.05","       1700.15","       1715.00","       1685.85","       1713.00","       1706.45","       1700.72","   12255438","         20843024213.60","     219156","    7696964","         62.80"
"INFY","EQ","01-Sep-2021","       1706.45","       1709.50","       1709.50","       1673.15","       1677.05","       1677.75","       1684.25","    7801974","         13140486835.00","     244163","    5675014","         72.74"
"INFY","EQ","02-Sep-2021","       1677.75","       1677.35","       1694.30","       1662.65","       1686.05","       1689.10","       1675.34","    6830050","         11442649484.45","     258731","    4566165","         66.85"
"INFY","EQ","03-Sep-2021","       1689.10","       1696.05","       1705.95","       1684.40","       1700.50","       1700.65","       1698.12","    5339139","          9066475360.50","     210049","    3764063","         70.50"
"INFY","EQ","06-Sep-2021","       1700.65","       1705.15","       1732.00","       1699.35","       1731.20","       1730.40","       1715.41","    4876026","          8364392786.20","     183161","    3078091","         63.13"
"INFY","EQ","07-Sep-2021","       1730.40","       1730.00","       1734.90","       1704.00","       1708.00","       1706.65","       1713.51","    3520341","          6032143710.95","     149711","    2197436","         62.42"
"INFY","EQ","08-Sep-2021","       1706.65","       1700.85","       1700.85","       1682.95","       1696.45","       1693.25","       1693.03","    4584896","          7762344324.40","     153873","    2785831","         60.76"
"INFY","EQ","09-Sep-2021","       1693.25","       1685.90","       1694.90","       1682.15","       1687.95","       1691.60","       1689.02","    3331674","          5627248636.00","     137087","    1955364","         58.69"
"INFY","EQ","13-Sep-2021","       1691.60","       1683.00","       1701.50","       1675.20","       1690.85","       1691.90","       1689.36","    4662374","          7876437378.30","     187031","    3223515","         69.14"
"INFY","EQ","14-Sep-2021","       1691.90","       1695.95","       1695.95","       1678.60","       1686.50","       1686.15","       1688.38","    4945167","          8349299076.40","     207112","    3829313","         77.44"
"INFY","EQ","15-Sep-2021","       1686.15","       1693.25","       1715.10","       1690.20","       1710.20","       1711.45","       1705.03","    4062344","          6926434283.00","     187441","    2528172","         62.23"
"INFY","EQ","16-Sep-2021","       1711.45","       1715.20","       1719.25","       1691.45","       1702.05","       1702.25","       1701.12","    3246568","          5522817876.30","     159668","    2179368","         67.13"
"INFY","EQ","17-Sep-2021","       1702.25","       1697.00","       1718.00","       1684.45","       1692.00","       1691.30","       1696.56","    7454864","         12647632623.50","     123572","    4936266","         66.22"
"INFY","EQ","20-Sep-2021","       1691.30","       1685.00","       1707.70","       1677.95","       1687.40","       1687.85","       1695.88","    5660743","          9599964334.20","     136341","    3898202","         68.86"
"INFY","EQ","21-Sep-2021","       1687.85","       1700.00","       1726.75","       1684.65","       1717.70","       1718.45","       1707.50","    4672222","          7977838674.60","     138846","    2854317","         61.09"
"INFY","EQ","22-Sep-2021","       1718.45","       1717.00","       1738.90","       1713.05","       1715.65","       1716.90","       1727.00","    4553892","          7864586458.90","     162450","    2565643","         56.34"
"INFY","EQ","23-Sep-2021","       1716.90","       1732.00","       1745.00","       1721.10","       1742.10","       1742.55","       1733.04","    3826090","          6630769717.80","     151039","    2542806","         66.46"
"INFY","EQ","24-Sep-2021","       1742.55","       1758.00","       1788.00","       1752.45","       1763.80","       1763.85","       1772.20","    8280446","         14674577075.85","     231499","    4249574","         51.32"
"INFY","EQ","27-Sep-2021","       1763.85","       1768.75","       1769.00","       1718.10","       1723.00","       1721.15","       1732.17","    5045337","          8739379305.20","     227547","    3353897","         66.48"
"INFY","EQ","28-Sep-2021","       1721.15","       1710.00","       1710.00","       1675.00","       1686.30","       1687.10","       1687.94","    6557197","         11068146871.10","     321289","    4432200","         67.59"
"INFY","EQ","29-Sep-2021","       1687.10","       1659.25","       1701.40","       1655.00","       1688.55","       1692.25","       1683.09","    7792548","         13115587857.25","     252164","    5097015","         65.41"
"INFY","EQ","30-Sep-2021","       1692.25","       1703.00","       1703.00","       1670.10","       1679.50","       1675.20","       1682.12","    6914031","         11630225539.25","     155817","    4013029","         58.04"
"INFY","EQ","01-Oct-2021","       1675.20","       1665.10","       1678.95","       1661.25","       1665.60","       1665.15","       1670.32","    5733906","          9577431061.45","     166006","    4139955","         72.20"
"INFY","BL","04-Oct-2021","        738.95","       1665.15","       1665.15","       1665.15","       1665.15","       1665.15","       1665.15","    3229757","          5378029868.55","          1","-","-"
"INFY","EQ","04-Oct-2021","       1665.15","       1672.50","       1688.00","       1665.40","       1681.90","       1678.75","       1678.53","    2947154","          4946872978.25","     122901","    1900709","         64.49"
"INFY","EQ","05-Oct-2021","       1678.75","       1671.00","       1702.95","       1663.00","       1691.70","       1692.80","       1677.62","    4373310","          7336751142.35","     174119","    2453697","         56.11"
"INFY","EQ","06-Oct-2021","       1692.80","       1702.10","       1709.00","       1670.00","       1672.65","       1673.55","       1682.79","    4271698","          7188385186.55","     168805","    2859420","         66.94"
"INFY","EQ","07-Oct-2021","       1673.55","       1687.00","       1704.20","       1676.65","       1690.35","       1691.00","       1693.19","    5476108","          9272107761.25","     142352","    3855195","         70.40"
"INFY","EQ","08-Oct-2021","       1691.00","       1705.25","       1731.50","       1698.40","       1723.85","       1723.85","       1719.42","    4738376","          8147261439.50","     223183","    2484109","         52.43"
"INFY","EQ","11-Oct-2021","       1723.85","       1682.00","       1730.00","       1663.70","       1693.00","       1690.95","       1698.64","    8840633","         15017023820.95","     264208","    4763503","         53.88"
"INFY","EQ","12-Oct-2021","       1690.95","       1677.00","       1689.00","       1662.00","       1688.00","       1685.15","       1677.23","    7439300","         12477416052.15","     258781","    3823146","         51.39"
"INFY","EQ","13-Oct-2021","       1685.15","       1695.95","       1713.65","       1680.05","       1705.00","       1709.20","       1697.94","    7104171","         12062453914.35","     273495","    4375894","         61.60"
"INFY","EQ","14-Oct-2021","       1709.20","       1754.00","       1783.60","       1698.20","       1714.00","       1715.75","       1738.12","   19655776","         34164007327.25","     428428","    9689787","         49.30"
"INFY","EQ","18-Oct-2021","       1715.75","       1740.00","       1799.00","       1740.00","       1798.00","       1792.15","       1770.72","   13438109","         23795103034.90","     310783","    9274584","         69.02"
"INFY","EQ","19-Oct-2021","       1792.15","       1814.00","       1834.50","       1782.30","       1823.50","       1822.15","       1818.83","   10324260","         18778087117.05","     236442","    6341209","         61.42"
"INFY","EQ","20-Oct-2021","       1822.15","       1829.40","       1848.00","       1794.05","       1797.40","       1802.35","       1819.25","    5876115","         10690134351.80","     193075","    3320472","         56.51"
"INFY","EQ","21-Oct-2021","       1802.35","       1814.00","       1814.00","       1746.85","       1757.00","       1753.65","       1768.17","    8779629","         15523851574.25","     227646","    5699645","         64.92"
"INFY","EQ","22-Oct-2021","       1753.65","       1749.90","       1763.20","       1707.00","       1717.85","       1719.80","       1728.28","    7369809","         12737099864.85","     231471","    4865170","         66.01"
"INFY","EQ","25-Oct-2021","       1719.80","       1722.05","       1729.75","       1687.20","       1708.40","       1707.55","       1700.04","    5905209","         10039080678.05","     175289","    4000395","         67.74"
"INFY","EQ","26-Oct-2021","       1707.55","       1710.05","       1726.60","       1695.90","       1707.95","       1703.70","       1704.53","    5871709","         10008498840.25","     163478","    3860399","         65.75"
"INFY","EQ","27-Oct-2021","       1703.70","       1709.10","       1734.15","       1701.15","       1726.55","       1728.95","       1718.39","    5090259","          8747027004.70","     174841","    3107757","         61.05"
"INFY","EQ","28-Oct-2021","       1728.95","       1719.35","       1724.75","       1692.05","       1705.85","       1703.90","       1710.08","    5329972","          9114701909.05","     194339","    3591576","         67.38"
"INFY","EQ","29-Oct-2021","       1703.90","       1699.00","       1712.60","       1661.05","       1671.00","       1667.75","       1687.51","    5875091","          9914259072.90","     212408","    3201958","         54.50"
"INFY","EQ","01-Nov-2021","       1667.75","       1677.50","       1707.20","       1676.00","       1701.35","       1700.05","       1695.58","    3636806","          6166483835.70","     156714","    2022059","         55.60"
"INFY","EQ","02-Nov-2021","       1700.05","       1695.00","       1706.45","       1686.35","       1699.00","       1697.90","       1696.02","    3471772","          5888203296.25","     132426","    2454078","         70.69"
"INFY","EQ","03-Nov-2021","       1697.90","       1709.00","       1717.45","       1699.00","       1703.60","       1702.50","       1707.08","    3530713","          6027214982.00","     159185","    2377721","         67.34"
"INFY","EQ","04-Nov-2021","       1702.50","       1715.00","       1717.00","       1705.00","       1705.50","       1708.70","       1710.56","     483407","           826894810.30","      45697","     328812","         68.02"
"INFY","EQ","08-Nov-2021","       1708.70","       1730.00","       1741.00","       1703.00","       1740.00","       1737.50","       1727.82","    5245903","          9063983393.50","     194006","    3687695","         70.30"
"INFY","EQ","09-Nov-2021","       1737.50","       1734.75","       1750.00","       1726.00","       1740.70","       1742.50","       1741.18","    4016134","          6992803829.65","     141964","    2760097","         68.73"
"INFY","EQ","10-Nov-2021","       1742.50","       1726.00","       1750.95","       1721.95","       1742.00","       1740.15","       1737.49","    4780368","          8305852157.15","     115801","    3420233","         71.55"
"INFY","EQ","11-Nov-2021","       1740.15","       1732.95","       1739.75","       1709.00","       1735.00","       1733.30","       1723.79","    4731349","          8155869538.30","     128994","    3365758","         71.14"
"INFY","EQ","12-Nov-2021","       1733.30","       1743.00","       1782.85","       1738.05","       1779.50","       1780.20","       1766.51","    5069009","          8954436975.40","     142273","    3421192","         67.49"
"INFY","EQ","15-Nov-2021","       1780.20","       1782.10","       1800.00","       1775.50","       1785.00","       1787.15","       1793.71","    4354074","          7809957008.85","     154854","    2972173","         68.26"
"INFY","EQ","16-Nov-2021","       1787.15","       1790.00","       1808.95","       1777.00","       1791.40","       1792.30","       1797.43","    6034233","         10846091248.70","     173120","    4449743","         73.74"
"INFY","EQ","17-Nov-2021","       1792.30","       1792.55","       1802.00","       1780.70","       1790.55","       1787.45","       1792.60","    4732492","          8483456713.50","     195585","    3566579","         75.36"
"INFY","EQ","18-Nov-2021","       1787.45","       1781.60","       1789.45","       1759.00","       1774.00","       1779.40","       1773.94","    4326924","          7675682400.00","     154647","    3096489","         71.56"
"INFY","EQ","22-Nov-2021","       1779.40","       1784.00","       1785.40","       1751.15","       1760.25","       1759.40","       1766.39","    6621839","         11696747300.55","     170729","    5212759","         78.72"
"INFY","EQ","23-Nov-2021","       1759.40","       1735.10","       1747.25","       1710.00","       1727.50","       1736.90","       1732.65","    8436160","         14616871616.00","     228363","    6315371","         74.86"
"INFY","EQ","24-Nov-2021","       1736.90","       1740.00","       1740.50","       1688.00","       1690.20","       1696.00","       1712.88","    7333061","         12560636398.70","     261744","    4858944","         66.26"
"INFY","EQ","25-Nov-2021","       1696.00","       1700.00","       1726.20","       1696.95","       1722.50","       1722.40","       1715.34","    4476260","          7678310603.80","     141756","    2859354","         63.88"
"INFY","EQ","26-Nov-2021","       1722.40","       1702.55","       1718.35","       1684.00","       1689.55","       1691.65","       1701.47","    4494181","          7646702666.25","     189716","    2981159","         66.33"
"INFY","EQ","29-Nov-2021","       1691.65","       1691.00","       1712.00","       1669.15","       1696.20","       1696.35","       1694.69","    3942776","          6681771091.15","     187081","    2268845","         57.54"
"INFY","EQ","30-Nov-2021","       1696.35","       1704.55","       1729.90","       1700.05","       1717.00","       1712.65","       1713.80","   14808963","         25379600677.05","     209403","   10710732","         72.33"
"INFY","EQ","01-Dec-2021","       1712.65","       1715.00","       1741.90","       1713.00","       1717.00","       1714.90","       1726.72","    5193264","          8967308949.60","     204083","    3492968","         67.26"
"INFY","EQ","02-Dec-2021","       1714.90","       1715.00","       1750.50","       1711.35","       1748.00","       1748.25","       1737.73","    5559574","          9661020145.95","     173258","    3879791","         69.79"
"INFY","EQ","03-Dec-2021","       1748.25","       1771.10","       1786.65","       1732.55","       1737.60","       1735.55","       1758.49","    6754012","         11876876753.60","     172077","    3834641","         56.78"
"INFY","EQ","06-Dec-2021","       1735.55","       1730.00","       1733.95","       1691.50","       1694.95","       1695.30","       1705.47","    3991449","          6807306903.90","     170662","    2340393","         58.64"
"INFY","EQ","07-Dec-2021","       1695.30","       1701.10","       1724.90","       1694.00","       1711.45","       1711.65","       1711.29","    4202122","          7191049985.50","     113379","    2241173","         53.33"
"INFY","EQ","08-Dec-2021","       1711.65","       1733.00","       1759.80","       1732.60","       1752.40","       1753.35","       1749.49","    3029169","          5299514521.95","     101838","    1536940","         50.74"
"INFY","EQ","09-Dec-2021","       1753.35","       1759.00","       1769.40","       1742.00","       1758.00","       1763.45","       1757.23","    2082171","          3658856607.40","      90007","    1086606","         52.19"
"INFY","EQ","10-Dec-2021","       1763.45","       1760.00","       1763.75","       1746.00","       1757.05","       1759.25","       1754.36","    1823469","          3199026984.60","     114797","     953570","         52.29"
"INFY","EQ","13-Dec-2021","       1759.25","       1767.05","       1771.35","       1738.80","       1747.00","       1744.65","       1751.26","    4040584","          7076097488.25","     138705","    2868075","         70.98"
"INFY","EQ","14-Dec-2021","       1744.65","       1730.90","       1763.00","       1710.35","       1743.75","       1752.15","       1746.72","    4768144","          8328622415.40","     178424","    3402482","         71.36"
"INFY","EQ","15-Dec-2021","       1752.15","       1745.00","       1747.95","       1721.20","       1734.90","       1734.20","       1732.61","    3053149","          5289916760.45","     123458","    1973169","         64.63"
"INFY","EQ","16-Dec-2021","       1734.20","       1762.65","       1777.60","       1758.00","       1777.00","       1771.60","       1768.37","    4481031","          7924136141.65","     161944","    2245376","         50.11"
"INFY","EQ","17-Dec-2021","       1771.60","       1820.00","       1842.00","       1806.75","       1823.00","       1820.85","       1822.81","   18887243","         34427916211.10","     398575","   10058333","         53.25"
"INFY","EQ","20-Dec-2021","       1820.85","       1801.70","       1829.65","       1787.30","       1800.70","       1798.90","       1805.20","    5773891","         10423053263.25","     220523","    3292406","         57.02"
"INFY","EQ","21-Dec-2021","       1798.90","       1801.00","       1838.00","       1801.00","       1814.70","       1811.60","       1821.91","    5353584","          9753723500.15","     204777","    2973665","         55.55"
"INFY","EQ","22-Dec-2021","       1811.60","       1825.00","       1829.15","       1812.35","       1824.00","       1824.70","       1820.18","    4156428","          7565456224.40","     121978","    2781158","         66.91"
"INFY","EQ","23-Dec-2021","       1824.70","       1831.25","       1861.60","       1827.00","       1856.15","       1857.60","       1849.59","    4112933","          7607253609.15","     160898","    2253794","         54.80"
"INFY","EQ","24-Dec-2021","       1857.60","       1872.95","       1875.75","       1854.00","       1863.40","       1863.50","       1864.33","    3780347","          7047796921.30","     119651","    1799119","         47.59"
"INFY","EQ","27-Dec-2021","       1863.50","       1860.00","       1874.50","       1845.05","       1869.40","       1866.15","       1863.95","    2647733","          4935229849.60","     141608","    1572478","         59.39"
"INFY","EQ","28-Dec-2021","       1866.15","       1880.70","       1895.90","       1878.40","       1885.20","       1888.00","       1887.13","    3340933","          6304763251.35","     147835","    2012911","         60.25"
"INFY","EQ","29-Dec-2021","       1888.00","       1883.50","       1893.80","       1876.40","       1883.25","       1885.55","       1885.99","    3236635","          6104257383.90","      94918","    2379206","         73.51"
"INFY","EQ","30-Dec-2021","       1885.55","       1884.50","       1909.80","       1874.35","       1897.00","       1892.85","       1895.39","    4584738","          8689853629.65","     127547","    3155534","         68.83"
"INFY","EQ","31-Dec-2021","       1892.85","       1890.00","       1898.35","       1871.65","       1893.00","       1887.75","       1887.20","    4619420","          8717788085.60","     132766","    3135757","         67.88"
